Ixodes scapularis	Ixodes_scapularis.IscaW1.12.pep.all.fa	IXOSC	6945	ENS
Trichoplax adhaerens	Trichoplax_adhaerens.TRIAD1.12.pep.all.fa	TRIAD	10228	ENS
Tribolium castaneum	Tribolium_castaneum.Tcas3.12.pep.all.fa	TRICA	7070	ENS
Drosophila melanogaster	Drosophila_melanogaster.BDGP5.12.pep.all.fa	DROME	7227	ENS
Drosophila persimilis	Drosophila_persimilis.dper_r1.3_FB2008_07.12.pep.all.fa	DROPE	7234	ENS
Caenorhabditis briggsae	Caenorhabditis_briggsae.CB3.12.pep.all.fa	CAEBR	6238	ENS
Nematostella vectensis	Nematostella_vectensis.Nemve1.12.pep.all.fa	NEMVE	45351	ENS
Pediculus humanus	Pediculus_humanus.PhumU1.12.pep.all.fa	PEDHU	121225	ENS
Anopheles gambiae	Anopheles_gambiae.AgamP3.12.pep.all.fa	ANOGA	7165	ENS
Heliconius melpomene	Heliconius_melpomene..12.pep.all.fa	IXOSC	34740	ENS
Aedes aegypti	Aedes_aegypti.AaegL1.12.pep.all.fa	AEDAE	7159	ENS
Atta cephalotes	Atta_cephalotes.Acep1.12.pep.all.fa	ATCEP	12957	ENS
Strongylocentrotus purpuratus	Strongylocentrotus_purpuratus.Spur2.5.12.pep.all.fa	STRPU	7668	ENS
Daphnia pulex	Daphnia_pulex.Dappu1.12.pep.all.fa	DAPPU	6669	ENS
Drosophila virilis	Drosophila_virilis.dvir_r1.2_FB2008_07.12.pep.all.fa	DROVI	7244	ENS
Drosophila ananassae	Drosophila_ananassae.dana_r1.3_FB2008_07.12.pep.all.fa	DROAN	7217	ENS
Caenorhabditis elegans	Caenorhabditis_elegans.WS220.12.pep.all.fa	CAEEL	6239	ENS
Pristionchus pacificus	Pristionchus_pacificus.pp1.12.pep.all.fa	PRIPA	54126	ENS
Drosophila sechellia	Drosophila_sechellia.dsec_r1.3_FB2008_07.12.pep.all.fa	DROSE	7238	ENS
Drosophila mojavensis	Drosophila_mojavensis.dmoj_r1.3_FB2008_07.12.pep.all.fa	DROMO	7230	ENS
Amphimedon queenslandica	Amphimedon_queenslandica.Aqu1.12.pep.all.fa	AMQUE	400682	ENS
Culex quinquefasciatus	Culex_quinquefasciatus.CpipJ1.12.pep.all.fa	CULQU	7176	ENS
Caenorhabditis remanei	Caenorhabditis_remanei.CR2.12.pep.all.fa	CAERE	31234	ENS
Drosophila grimshawi	Drosophila_grimshawi.dgri_r1.3_FB2008_07.12.pep.all.fa	DROGR	7222	ENS
Bombyx mori	Bombyx_mori.Bmor1.12.pep.all.fa	BOMMO	7091	ENS
Drosophila pseudoobscura	Drosophila_pseudoobscura.HGSC2.12.pep.all.fa	DROPS	7237	ENS
Caenorhabditis japonica	Caenorhabditis_japonica.CJ302.12.pep.all.fa	CAEJA	281687	ENS
Drosophila yakuba	Drosophila_yakuba.dyak_r1.3_FB2008_07.12.pep.all.fa	DROYA	7245	ENS
Drosophila erecta	Drosophila_erecta.dere_r1.3_FB2008_07.12.pep.all.fa	DROER	7220	ENS
Apis mellifera	Apis_mellifera.Amel_2.0.12.pep.all.fa	APIME	7460	ENS
Caenorhabditis brenneri	Caenorhabditis_brenneri.CB601.12.pep.all.fa	CABRE	135651	ENS
Acyrthosiphon pisum	Acyrthosiphon_pisum.Acyr2.12.pep.all.fa	ACYPI	7029	ENS
Danaus plexippus	Danaus_plexippus.DanPle_1.0.15.12.pep.all.fa	DAPPU	13037	ENS
Drosophila simulans	Drosophila_simulans.dsim_r1.3_FB2008_07.12.pep.all.fa	DROSI	7240	ENS
Schistosoma mansoni	Schistosoma_mansoni.sma_v3.1.12.pep.all.fa	SCHMA	6183	ENS
Drosophila willistoni	Drosophila_willistoni.dwil_r1.3_FB2008_07.12.pep.all.fa	DROWI	7260	ENS
Ixodes scapularis	Ixodes_scapularis.IscaW1.15.pep.all.fa	IXOSC	6945	ENS
Trichoplax adhaerens	Trichoplax_adhaerens.TRIAD1.15.pep.all.fa	TRIAD	10228	ENS
Tribolium castaneum	Tribolium_castaneum.Tcas3.15.pep.all.fa	TRICA	7070	ENS
Drosophila melanogaster	Drosophila_melanogaster.BDGP5.15.pep.all.fa	DROME	7227	ENS
Drosophila persimilis	Drosophila_persimilis.dper_r1.3_FB2008_07.15.pep.all.fa	DROPE	7234	ENS
Caenorhabditis briggsae	Caenorhabditis_briggsae.CB3.15.pep.all.fa	CAEBR	6238	ENS
Nematostella vectensis	Nematostella_vectensis.Nemve1.15.pep.all.fa	NEMVE	45351	ENS
Pediculus humanus	Pediculus_humanus.PhumU1.15.pep.all.fa	PEDHU	121225	ENS
Anopheles gambiae	Anopheles_gambiae.AgamP3.15.pep.all.fa	ANOGA	7165	ENS
Heliconius melpomene	Heliconius_melpomene..15.pep.all.fa	IXOSC	34740	ENS
Aedes aegypti	Aedes_aegypti.AaegL1.15.pep.all.fa	AEDAE	7159	ENS
Atta cephalotes	Atta_cephalotes.Acep1.15.pep.all.fa	ATCEP	12957	ENS
Strongylocentrotus purpuratus	Strongylocentrotus_purpuratus.Spur2.5.15.pep.all.fa	STRPU	7668	ENS
Daphnia pulex	Daphnia_pulex.Dappu1.15.pep.all.fa	DAPPU	6669	ENS
Drosophila virilis	Drosophila_virilis.dvir_r1.2_FB2008_07.15.pep.all.fa	DROVI	7244	ENS
Drosophila ananassae	Drosophila_ananassae.dana_r1.3_FB2008_07.15.pep.all.fa	DROAN	7217	ENS
Caenorhabditis elegans	Caenorhabditis_elegans.WS220.15.pep.all.fa	CAEEL	6239	ENS
Pristionchus pacificus	Pristionchus_pacificus.pp1.15.pep.all.fa	PRIPA	54126	ENS
Drosophila sechellia	Drosophila_sechellia.dsec_r1.3_FB2008_07.15.pep.all.fa	DROSE	7238	ENS
Drosophila mojavensis	Drosophila_mojavensis.dmoj_r1.3_FB2008_07.15.pep.all.fa	DROMO	7230	ENS
Amphimedon queenslandica	Amphimedon_queenslandica.Aqu1.15.pep.all.fa	AMQUE	400682	ENS
Culex quinquefasciatus	Culex_quinquefasciatus.CpipJ1.15.pep.all.fa	CULQU	7176	ENS
Caenorhabditis remanei	Caenorhabditis_remanei.CR2.15.pep.all.fa	CAERE	31234	ENS
Drosophila grimshawi	Drosophila_grimshawi.dgri_r1.3_FB2008_07.15.pep.all.fa	DROGR	7222	ENS
Bombyx mori	Bombyx_mori.Bmor1.15.pep.all.fa	BOMMO	7091	ENS
Drosophila pseudoobscura	Drosophila_pseudoobscura.HGSC2.15.pep.all.fa	DROPS	7237	ENS
Tribolium castaneum	Tribolium_castaneum.Tspiralis1.15.15.pep.all.fa	TRICA	7070	ENS
Caenorhabditis japonica	Caenorhabditis_japonica.CJ302.15.pep.all.fa	CAEJA	281687	ENS
Drosophila yakuba	Drosophila_yakuba.dyak_r1.3_FB2008_07.15.pep.all.fa	DROYA	7245	ENS
Drosophila erecta	Drosophila_erecta.dere_r1.3_FB2008_07.15.pep.all.fa	DROER	7220	ENS
Apis mellifera	Apis_mellifera.Amel_2.0.15.pep.all.fa	APIME	7460	ENS
Caenorhabditis brenneri	Caenorhabditis_brenneri.CB601.15.pep.all.fa	CABRE	135651	ENS
Acyrthosiphon pisum	Acyrthosiphon_pisum.Acyr2.15.pep.all.fa	ACYPI	7029	ENS
Danaus plexippus	Danaus_plexippus.DanPle_1.0.15.15.pep.all.fa	DAPPU	13037	ENS
Drosophila simulans	Drosophila_simulans.dsim_r1.3_FB2008_07.15.pep.all.fa	DROSI	7240	ENS
Schistosoma mansoni	Schistosoma_mansoni.sma_v3.1.15.pep.all.fa	SCHMA	6183	ENS
Drosophila willistoni	Drosophila_willistoni.dwil_r1.3_FB2008_07.15.pep.all.fa	DROWI	7260	ENS
Ixodes scapularis	Ixodes_scapularis.IscaW1.15.pep.all.fa	IXOSC	6945	ENS
Trichoplax adhaerens	Trichoplax_adhaerens.TRIAD1.15.pep.all.fa	TRIAD	10228	ENS
Tribolium castaneum	Tribolium_castaneum.Tcas3.15.pep.all.fa	TRICA	7070	ENS
Drosophila melanogaster	Drosophila_melanogaster.BDGP5.15.pep.all.fa	DROME	7227	ENS
Drosophila persimilis	Drosophila_persimilis.dper_r1.3_FB2008_07.15.pep.all.fa	DROPE	7234	ENS
Caenorhabditis briggsae	Caenorhabditis_briggsae.CB3.15.pep.all.fa	CAEBR	6238	ENS
Nematostella vectensis	Nematostella_vectensis.Nemve1.15.pep.all.fa	NEMVE	45351	ENS
Pediculus humanus	Pediculus_humanus.PhumU1.15.pep.all.fa	PEDHU	121225	ENS
Anopheles gambiae	Anopheles_gambiae.AgamP3.15.pep.all.fa	ANOGA	7165	ENS
Heliconius melpomene	Heliconius_melpomene..15.pep.all.fa	IXOSC	34740	ENS
Aedes aegypti	Aedes_aegypti.AaegL1.15.pep.all.fa	AEDAE	7159	ENS
Atta cephalotes	Atta_cephalotes.Acep1.15.pep.all.fa	ATCEP	12957	ENS
Strongylocentrotus purpuratus	Strongylocentrotus_purpuratus.Spur2.5.15.pep.all.fa	STRPU	7668	ENS
Daphnia pulex	Daphnia_pulex.Dappu1.15.pep.all.fa	DAPPU	6669	ENS
Drosophila virilis	Drosophila_virilis.dvir_r1.2_FB2008_07.15.pep.all.fa	DROVI	7244	ENS
Drosophila ananassae	Drosophila_ananassae.dana_r1.3_FB2008_07.15.pep.all.fa	DROAN	7217	ENS
Caenorhabditis elegans	Caenorhabditis_elegans.WS220.15.pep.all.fa	CAEEL	6239	ENS
Pristionchus pacificus	Pristionchus_pacificus.pp1.15.pep.all.fa	PRIPA	54126	ENS
Drosophila sechellia	Drosophila_sechellia.dsec_r1.3_FB2008_07.15.pep.all.fa	DROSE	7238	ENS
Drosophila mojavensis	Drosophila_mojavensis.dmoj_r1.3_FB2008_07.15.pep.all.fa	DROMO	7230	ENS
Amphimedon queenslandica	Amphimedon_queenslandica.Aqu1.15.pep.all.fa	AMQUE	400682	ENS
Culex quinquefasciatus	Culex_quinquefasciatus.CpipJ1.15.pep.all.fa	CULQU	7176	ENS
Caenorhabditis remanei	Caenorhabditis_remanei.CR2.15.pep.all.fa	CAERE	31234	ENS
Drosophila grimshawi	Drosophila_grimshawi.dgri_r1.3_FB2008_07.15.pep.all.fa	DROGR	7222	ENS
Bombyx mori	Bombyx_mori.Bmor1.15.pep.all.fa	BOMMO	7091	ENS
Drosophila pseudoobscura	Drosophila_pseudoobscura.HGSC2.15.pep.all.fa	DROPS	7237	ENS
Tribolium castaneum	Tribolium_castaneum.Tspiralis1.15.15.pep.all.fa	TRICA	7070	ENS
Caenorhabditis japonica	Caenorhabditis_japonica.CJ302.15.pep.all.fa	CAEJA	281687	ENS
Drosophila yakuba	Drosophila_yakuba.dyak_r1.3_FB2008_07.15.pep.all.fa	DROYA	7245	ENS
Drosophila erecta	Drosophila_erecta.dere_r1.3_FB2008_07.15.pep.all.fa	DROER	7220	ENS
Apis mellifera	Apis_mellifera.Amel_2.0.15.pep.all.fa	APIME	7460	ENS
Caenorhabditis brenneri	Caenorhabditis_brenneri.CB601.15.pep.all.fa	CABRE	135651	ENS
Acyrthosiphon pisum	Acyrthosiphon_pisum.Acyr2.15.pep.all.fa	ACYPI	7029	ENS
Danaus plexippus	Danaus_plexippus.DanPle_1.0.15.15.pep.all.fa	DAPPU	13037	ENS
Drosophila simulans	Drosophila_simulans.dsim_r1.3_FB2008_07.15.pep.all.fa	DROSI	7240	ENS
Schistosoma mansoni	Schistosoma_mansoni.sma_v3.1.15.pep.all.fa	SCHMA	6183	ENS
Drosophila willistoni	Drosophila_willistoni.dwil_r1.3_FB2008_07.15.pep.all.fa	DROWI	7260	ENS
Ixodes scapularis	Ixodes_scapularis.IscaW1.15.pep.all.fa	IXOSC	6945	ENS
Trichoplax adhaerens	Trichoplax_adhaerens.ASM15027v1.15.pep.all.fa	TRIAD	10228	ENS
Tribolium castaneum	Tribolium_castaneum.Tcas3.15.pep.all.fa	TRICA	7070	ENS
Drosophila melanogaster	Drosophila_melanogaster.BDGP5.15.pep.all.fa	DROME	7227	ENS
Drosophila persimilis	Drosophila_persimilis.dper_caf1.15.pep.all.fa	DROPE	7234	ENS
Caenorhabditis briggsae	Caenorhabditis_briggsae.CB4.15.pep.all.fa	CAEBR	6238	ENS
Nematostella vectensis	Nematostella_vectensis.ASM20922v1.15.pep.all.fa	NEMVE	45351	ENS
Pediculus humanus	Pediculus_humanus.PhumU1.15.pep.all.fa	PEDHU	121225	ENS
Anopheles gambiae	Anopheles_gambiae.AgamP3.15.pep.all.fa	ANOGA	7165	ENS
Heliconius melpomene	Heliconius_melpomene..15.pep.all.fa	IXOSC	34740	ENS
Aedes aegypti	Aedes_aegypti.AaegL1.15.pep.all.fa	AEDAE	7159	ENS
Atta cephalotes	Atta_cephalotes.Acep1.0.15.pep.all.fa	ATCEP	12957	ENS
Strongylocentrotus purpuratus	Strongylocentrotus_purpuratus.Spur2.5.15.pep.all.fa	STRPU	7668	ENS
Daphnia pulex	Daphnia_pulex.Dappu1.15.pep.all.fa	DAPPU	6669	ENS
Drosophila virilis	Drosophila_virilis.dvir_caf1.15.pep.all.fa	DROVI	7244	ENS
Drosophila ananassae	Drosophila_ananassae.dana_caf1.15.pep.all.fa	DROAN	7217	ENS
Caenorhabditis elegans	Caenorhabditis_elegans.WBcel215.15.pep.all.fa	CAEEL	6239	ENS
Pristionchus pacificus	Pristionchus_pacificus.pp1.15.pep.all.fa	PRIPA	54126	ENS
Drosophila sechellia	Drosophila_sechellia.dsec_caf1.15.pep.all.fa	DROSE	7238	ENS
Drosophila mojavensis	Drosophila_mojavensis.dmoj_caf1.15.pep.all.fa	DROMO	7230	ENS
Amphimedon queenslandica	Amphimedon_queenslandica.Aqu1.15.pep.all.fa	AMQUE	400682	ENS
Culex quinquefasciatus	Culex_quinquefasciatus.CpipJ1.15.pep.all.fa	CULQU	7176	ENS
Caenorhabditis remanei	Caenorhabditis_remanei.CR2.15.pep.all.fa	CAERE	31234	ENS
Drosophila grimshawi	Drosophila_grimshawi.dgri_caf1.15.pep.all.fa	DROGR	7222	ENS
Bombyx mori	Bombyx_mori.Bmor1.15.pep.all.fa	BOMMO	7091	ENS
Drosophila pseudoobscura	Drosophila_pseudoobscura.HGSC2.15.pep.all.fa	DROPS	7237	ENS
Tribolium castaneum	Tribolium_castaneum.Tspiralis1.15.pep.all.fa	TRICA	7070	ENS
Caenorhabditis japonica	Caenorhabditis_japonica.CJ302.15.pep.all.fa	CAEJA	281687	ENS
Drosophila yakuba	Drosophila_yakuba.dyak_caf1.15.pep.all.fa	DROYA	7245	ENS
Drosophila erecta	Drosophila_erecta.dere_caf1.15.pep.all.fa	DROER	7220	ENS
Apis mellifera	Apis_mellifera.Amel_2.0.15.pep.all.fa	APIME	7460	ENS
Caenorhabditis brenneri	Caenorhabditis_brenneri.CB601.15.pep.all.fa	CABRE	135651	ENS
Acyrthosiphon pisum	Acyrthosiphon_pisum.Acyr2.0.15.pep.all.fa	ACYPI	7029	ENS
Danaus plexippus	Danaus_plexippus.DanPle_1.0.15.pep.all.fa	DAPPU	13037	ENS
Drosophila simulans	Drosophila_simulans.dsim_caf1.15.pep.all.fa	DROSI	7240	ENS
Schistosoma mansoni	Schistosoma_mansoni.sma_v3.1.15.pep.all.fa	SCHMA	6183	ENS
Drosophila willistoni	Drosophila_willistoni.dwil_caf1.15.pep.all.fa	DROWI	7260	ENS
Acyrthosiphon pisum	Acyrthosiphon_pisum.Acyr2.0.15.pep.all.fa	ACYPI	7029	ENS
Aedes aegypti	Aedes_aegypti.AaegL1.15.pep.all.fa	AEDAE	7159	ENS
Amphimedon queenslandica	Amphimedon_queenslandica.Aqu1.15.pep.all.fa	AMQUE	400682	ENS
Anopheles gambiae	Anopheles_gambiae.AgamP3.15.pep.all.fa	ANOGA	7165	ENS
Apis mellifera	Apis_mellifera.Amel_2.0.15.pep.all.fa	APIME	7460	ENS
Atta cephalotes	Atta_cephalotes.Attacep1.0.15.pep.all.fa	ATCEP	12957	ENS
Bombyx mori	Bombyx_mori.Bmor1.15.pep.all.fa	BOMMO	7091	ENS
Caenorhabditis brenneri	Caenorhabditis_brenneri.CB601.15.pep.all.fa	CABRE	135651	ENS
Caenorhabditis briggsae	Caenorhabditis_briggsae.CB4.15.pep.all.fa	CAEBR	6238	ENS
Caenorhabditis elegans	Caenorhabditis_elegans.WBcel215.15.pep.all.fa	CAEEL	6239	ENS
Caenorhabditis japonica	Caenorhabditis_japonica.CJ302.15.pep.all.fa	CAEJA	281687	ENS
Caenorhabditis remanei	Caenorhabditis_remanei.CR2.15.pep.all.fa	CAERE	31234	ENS
Culex quinquefasciatus	Culex_quinquefasciatus.CpipJ1.15.pep.all.fa	CULQU	7176	ENS
Danaus plexippus	Danaus_plexippus.DanPle_1.0.15.pep.all.fa	DAPPU	13037	ENS
Daphnia pulex	Daphnia_pulex.Dappu1.15.pep.all.fa	DAPPU	6669	ENS
Drosophila ananassae	Drosophila_ananassae.dana_caf1.15.pep.all.fa	DROAN	7217	ENS
Drosophila erecta	Drosophila_erecta.dere_caf1.15.pep.all.fa	DROER	7220	ENS
Drosophila grimshawi	Drosophila_grimshawi.dgri_caf1.15.pep.all.fa	DROGR	7222	ENS
Drosophila melanogaster	Drosophila_melanogaster.BDGP5.15.pep.all.fa	DROME	7227	ENS
Drosophila mojavensis	Drosophila_mojavensis.dmoj_caf1.15.pep.all.fa	DROMO	7230	ENS
Drosophila persimilis	Drosophila_persimilis.dper_caf1.15.pep.all.fa	DROPE	7234	ENS
Drosophila pseudoobscura	Drosophila_pseudoobscura.HGSC2.15.pep.all.fa	DROPS	7237	ENS
Drosophila sechellia	Drosophila_sechellia.dsec_caf1.15.pep.all.fa	DROSE	7238	ENS
Drosophila simulans	Drosophila_simulans.dsim_r1.3_FB2008_07.15.pep.all.fa	DROSI	7240	ENS
Drosophila virilis	Drosophila_virilis.dvir_caf1.15.pep.all.fa	DROVI	7244	ENS
Drosophila willistoni	Drosophila_willistoni.dwil_caf1.15.pep.all.fa	DROWI	7260	ENS
Drosophila yakuba	Drosophila_yakuba.dyak_r1.3_FB2008_07.15.pep.all.fa	DROYA	7245	ENS
Heliconius melpomene	Heliconius_melpomene.Hmel1.15.pep.all.fa	IXOSC	34740	ENS
Ixodes scapularis	Ixodes_scapularis.IscaW1.15.pep.all.fa	IXOSC	6945	ENS
Nematostella vectensis	Nematostella_vectensis.ASM20922v1.15.pep.all.fa	NEMVE	45351	ENS
Pediculus humanus	Pediculus_humanus.PhumU1.15.pep.all.fa	PEDHU	121225	ENS
Pristionchus pacificus	Pristionchus_pacificus.pp1.15.pep.all.fa	PRIPA	54126	ENS
Schistosoma mansoni	Schistosoma_mansoni.sma_v3.1.15.pep.all.fa	SCHMA	6183	ENS
Strongylocentrotus purpuratus	Strongylocentrotus_purpuratus.Spur2.5.15.pep.all.fa	STRPU	7668	ENS
Tribolium castaneum	Tribolium_castaneum.Tcas3.15.pep.all.fa	TRICA	7070	ENS
Trichinella spiralis	Trichinella_spiralis.Tspiralis1.15.pep.all.fa	TRICA	7070	ENS
Trichoplax adhaerens	Trichoplax_adhaerens.ASM15027v1.15.pep.all.fa	TRIAD	10228	ENS
Acyrthosiphon pisum	Acyrthosiphon_pisum.Acyr_2.0.15.pep.all.fa	ACYPI	7029	ENS
Aedes aegypti	Aedes_aegypti.AaegL1.15.pep.all.fa	AEDAE	7159	ENS
Amphimedon queenslandica	Amphimedon_queenslandica.Aqu1.15.pep.all.fa	AMQUE	400682	ENS
Anopheles gambiae	Anopheles_gambiae.AgamP3.15.pep.all.fa	ANOGA	7165	ENS
Apis mellifera	Apis_mellifera.Amel_2.0.15.pep.all.fa	APIME	7460	ENS
Atta cephalotes	Atta_cephalotes.Attacep1.0.15.pep.all.fa	ATCEP	12957	ENS
Bombyx mori	Bombyx_mori.Bmor1.15.pep.all.fa	BOMMO	7091	ENS
Caenorhabditis brenneri	Caenorhabditis_brenneri.CB601.15.pep.all.fa	CABRE	135651	ENS
Caenorhabditis briggsae	Caenorhabditis_briggsae.CB4.15.pep.all.fa	CAEBR	6238	ENS
Caenorhabditis elegans	Caenorhabditis_elegans.WBcel215.15.pep.all.fa	CAEEL	6239	ENS
Caenorhabditis japonica	Caenorhabditis_japonica.CJ302.15.pep.all.fa	CAEJA	281687	ENS
Caenorhabditis remanei	Caenorhabditis_remanei.CR2.15.pep.all.fa	CAERE	31234	ENS
Culex quinquefasciatus	Culex_quinquefasciatus.CpipJ1.15.pep.all.fa	CULQU	7176	ENS
Danaus plexippus	Danaus_plexippus.DanPle_1.0.15.pep.all.fa	DAPPU	13037	ENS
Daphnia pulex	Daphnia_pulex.Dappu1.15.pep.all.fa	DAPPU	6669	ENS
Drosophila ananassae	Drosophila_ananassae.dana_caf1.15.pep.all.fa	DROAN	7217	ENS
Drosophila erecta	Drosophila_erecta.dere_caf1.15.pep.all.fa	DROER	7220	ENS
Drosophila grimshawi	Drosophila_grimshawi.dgri_caf1.15.pep.all.fa	DROGR	7222	ENS
Drosophila melanogaster	Drosophila_melanogaster.BDGP5.15.pep.all.fa	DROME	7227	ENS
Drosophila mojavensis	Drosophila_mojavensis.dmoj_caf1.15.pep.all.fa	DROMO	7230	ENS
Drosophila persimilis	Drosophila_persimilis.dper_caf1.15.pep.all.fa	DROPE	7234	ENS
Drosophila pseudoobscura	Drosophila_pseudoobscura.HGSC2.15.pep.all.fa	DROPS	7237	ENS
Drosophila sechellia	Drosophila_sechellia.dsec_caf1.15.pep.all.fa	DROSE	7238	ENS
Drosophila simulans	Drosophila_simulans.dsim_r1.3_FB2008_07.15.pep.all.fa	DROSI	7240	ENS
Drosophila virilis	Drosophila_virilis.dvir_caf1.15.pep.all.fa	DROVI	7244	ENS
Drosophila willistoni	Drosophila_willistoni.dwil_caf1.15.pep.all.fa	DROWI	7260	ENS
Drosophila yakuba	Drosophila_yakuba.dyak_r1.3_FB2008_07.15.pep.all.fa	DROYA	7245	ENS
Heliconius melpomene	Heliconius_melpomene.Hmel1.15.pep.all.fa	IXOSC	34740	ENS
Ixodes scapularis	Ixodes_scapularis.IscaW1.15.pep.all.fa	IXOSC	6945	ENS
Nematostella vectensis	Nematostella_vectensis.ASM20922v1.15.pep.all.fa	NEMVE	45351	ENS
Pediculus humanus	Pediculus_humanus.PhumU1.15.pep.all.fa	PEDHU	121225	ENS
Pristionchus pacificus	Pristionchus_pacificus.pp1.15.pep.all.fa	PRIPA	54126	ENS
Schistosoma mansoni	Schistosoma_mansoni.sma_v3.1.15.pep.all.fa	SCHMA	6183	ENS
Strongylocentrotus purpuratus	Strongylocentrotus_purpuratus.Spur2.5.15.pep.all.fa	STRPU	7668	ENS
Tribolium castaneum	Tribolium_castaneum.Tcas3.15.pep.all.fa	TRICA	7070	ENS
Trichinella spiralis	Trichinella_spiralis.Tspiralis1.15.pep.all.fa	TRICA	7070	ENS
Trichoplax adhaerens	Trichoplax_adhaerens.ASM15027v1.15.pep.all.fa	TRIAD	10228	ENS
Tupaia belangeri	Tupaia_belangeri.TREESHREW.68.pep.all.fa	TUPGB	37347	ENS
Spermophilus tridecemlineatus	Spermophilus_tridecemlineatus.SQUIRREL.68.pep.all.fa	SPETR	43179	ENS
Gallus gallus	Gallus_gallus.WASHUC2.68.pep.all.fa	CHICK	9031	ENS
Drosophila melanogaster	Drosophila_melanogaster.BDGP5.68.pep.all.fa	DROME	7227	ENS
Mus musculus	Mus_musculus.NCBIM37.68.pep.all.fa	MOUSE	10090	ENS
Ornithorhynchus anatinus	Ornithorhynchus_anatinus.OANA5.68.pep.all.fa	ORNAN	9258	ENS
Tetraodon nigroviridis	Tetraodon_nigroviridis.TETRAODON8.68.pep.all.fa	TETNG	99883	ENS
Rattus norvegicus	Rattus_norvegicus.RGSC3.4.68.pep.all.fa	RAT	10116	ENS
Oreochromis niloticus	Oreochromis_niloticus.Orenil1.0.68.68.pep.all.fa	OCHPR	8128	ENS
Gorilla gorilla	Gorilla_gorilla.gorGor3.1.68.pep.all.fa	GORGO	9595	ENS
Oryzias latipes	Oryzias_latipes.MEDAKA1.68.pep.all.fa	ORYLA	8090	ENS
Meleagris gallopavo	Meleagris_gallopavo.UMD2.68.pep.all.fa	MELGA	9103	ENS
Procavia capensis	Procavia_capensis.proCap1.68.pep.all.fa	PROCA	9813	ENS
Monodelphis domestica	Monodelphis_domestica.BROADO5.68.pep.all.fa	MONDO	13616	ENS
Erinaceus europaeus	Erinaceus_europaeus.HEDGEHOG.68.pep.all.fa	ERIEU	9365	ENS
Tursiops truncatus	Tursiops_truncatus.turTru1.68.pep.all.fa	TURTR	9739	ENS
Sorex araneus	Sorex_araneus.COMMON_SHREW1.68.pep.all.fa	SORAR	42254	ENS
Ciona intestinalis	Ciona_intestinalis.KH.68.pep.all.fa	CIOIN	7719	ENS
Dasypus novemcinctus	Dasypus_novemcinctus.dasNov2.68.pep.all.fa	DASNO	9361	ENS
Felis catus	Felis_catus.CAT.68.pep.all.fa	FELCA	9685	ENS
Vicugna pacos	Vicugna_pacos.vicPac1.68.pep.all.fa	VIPAC	30538	ENS
Petromyzon marinus	Petromyzon_marinus.Pmarinus_7.0.68.pep.all.fa	PETMA	7757	ENS
Ochotona princeps	Ochotona_princeps.pika.68.pep.all.fa	OCHPR	OCHPR	ENS
Takifugu rubripes	Takifugu_rubripes.FUGU4.68.pep.all.fa	FUGU	31033	ENS
Otolemur garnettii	Otolemur_garnettii.OtoGar3.68.pep.all.fa	OTOGA	30611	ENS
Latimeria chalumnae	Latimeria_chalumnae.LatCha1.68.pep.all.fa	LATCH	7897	ENS
Gasterosteus aculeatus	Gasterosteus_aculeatus.BROADS1.68.pep.all.fa	GASAC	69293	ENS
Bos taurus	Bos_taurus.UMD3.1.68.pep.all.fa	BOVIN	9913	ENS
Saccharomyces cerevisiae	Saccharomyces_cerevisiae.EF4.68.pep.all.fa	YEAST	4932	ENS
Callithrix jacchus	Callithrix_jacchus.C_jacchus3.2.1.68.pep.all.fa	CALJA	9483	ENS
Myotis lucifugus	Myotis_lucifugus.Myoluc2.0.68.pep.all.fa	MYOLU	59463	ENS
Tarsius syrichta	Tarsius_syrichta.tarSyr1.68.pep.all.fa	TARSY	9478	ENS
Ciona savignyi	Ciona_savignyi.CSAV2.0.68.pep.all.fa	CIOSA	51511	ENS
Macaca mulatta	Macaca_mulatta.MMUL_1.68.pep.all.fa	MACMU	9544	ENS
Xenopus tropicalis	Xenopus_tropicalis.JGI_4.2.68.pep.all.fa	XENTR	8364	ENS
Pan troglodytes	Pan_troglodytes.CHIMP2.1.4.68.pep.all.fa	PANTR	51511	ENS
Anolis carolinensis	Anolis_carolinensis.AnoCar2.0.68.pep.all.fa	ANOCA	28377	ENS
Caenorhabditis elegans	Caenorhabditis_elegans.WS220.68.pep.all.fa	CAEEL	6239	ENS
Danio rerio	Danio_rerio.Zv9.68.pep.all.fa	BRARE	7955	ENS
Pteropus vampyrus	Pteropus_vampyrus.pteVam1.68.pep.all.fa	PTEVA	132908	ENS
Canis familiaris	Canis_familiaris.BROADD2.68.pep.all.fa	CANFA	9615	ENS
Microcebus murinus	Microcebus_murinus.micMur1.68.pep.all.fa	MICMU	30608	ENS
Pelodiscus sinensis	Pelodiscus_sinensis.PelSin_1.0.68.68.pep.all.fa	PANTR	13735	ENS
Equus caballus	Equus_caballus.EquCab2.68.pep.all.fa	HORSE	9796	ENS
Taeniopygia guttata	Taeniopygia_guttata.taeGut3.2.4.68.pep.all.fa	TAGUT	59729	ENS
Cavia porcellus	Cavia_porcellus.cavPor3.68.pep.all.fa	CAVPO	10141	ENS
Choloepus hoffmanni	Choloepus_hoffmanni.choHof1.68.pep.all.fa	CHOHO	9358	ENS
Dipodomys ordii	Dipodomys_ordii.dipOrd1.68.pep.all.fa	DIPOR	10020	ENS
Sarcophilus harrisii	Sarcophilus_harrisii.DEVIL7.0.68.pep.all.fa	SARHA	9305	ENS
Homo sapiens	Homo_sapiens.GRCh37.68.pep.all.fa	HUMAN	9606	ENS
Macropus eugenii	Macropus_eugenii.Meug_1.0.68.pep.all.fa	MACEU	9315	ENS
Pongo abelii	Pongo_abelii.PPYG2.68.pep.all.fa	PONAM	62124	ENS
Nomascus leucogenys	Nomascus_leucogenys.Nleu1.0.68.pep.all.fa	NOLEU	61853	ENS
Ailuropoda melanoleuca	Ailuropoda_melanoleuca.ailMel1.68.pep.all.fa	AILME	9646	ENS
Echinops telfairi	Echinops_telfairi.TENREC.68.pep.all.fa	ECHTE	9371	ENS
Gadus morhua	Gadus_morhua.gadMor1.68.pep.all.fa	GADMO	8049	ENS
Sus scrofa	Sus_scrofa.Sscrofa9.68.pep.all.fa	PIG	9823	ENS
Oryctolagus cuniculus	Oryctolagus_cuniculus.oryCun2.68.pep.all.fa	RABIT	9986	ENS
Loxodonta africana	Loxodonta_africana.loxAfr3.68.pep.all.fa	LOXAF	9785	ENS
Tupaia belangeri	Tupaia_belangeri.TREESHREW.68.pep.all.fa	TUPGB	37347	ENS
Gallus gallus	Gallus_gallus.WASHUC2.68.pep.all.fa	CHICK	9031	ENS
Mus musculus	Mus_musculus.NCBIM37.68.pep.all.fa	MOUSE	10090	ENS
Ornithorhynchus anatinus	Ornithorhynchus_anatinus.OANA5.68.pep.all.fa	ORNAN	9258	ENS
Tetraodon nigroviridis	Tetraodon_nigroviridis.TETRAODON8.68.pep.all.fa	TETNG	99883	ENS
Rattus norvegicus	Rattus_norvegicus.RGSC3.4.68.pep.all.fa	RAT	10116	ENS
Oreochromis niloticus	Oreochromis_niloticus.Orenil1.0.68.68.pep.all.fa	OCHPR	8128	ENS
Gorilla gorilla	Gorilla_gorilla.gorGor3.1.68.pep.all.fa	GORGO	9595	ENS
Oryzias latipes	Oryzias_latipes.MEDAKA1.68.pep.all.fa	ORYLA	8090	ENS
Meleagris gallopavo	Meleagris_gallopavo.UMD2.68.pep.all.fa	MELGA	9103	ENS
Procavia capensis	Procavia_capensis.proCap1.68.pep.all.fa	PROCA	9813	ENS
Monodelphis domestica	Monodelphis_domestica.BROADO5.68.pep.all.fa	MONDO	13616	ENS
Erinaceus europaeus	Erinaceus_europaeus.HEDGEHOG.68.pep.all.fa	ERIEU	9365	ENS
Tursiops truncatus	Tursiops_truncatus.turTru1.68.pep.all.fa	TURTR	9739	ENS
Sorex araneus	Sorex_araneus.COMMON_SHREW1.68.pep.all.fa	SORAR	42254	ENS
Ciona intestinalis	Ciona_intestinalis.KH.68.pep.all.fa	CIOIN	7719	ENS
Dasypus novemcinctus	Dasypus_novemcinctus.dasNov2.68.pep.all.fa	DASNO	9361	ENS
Felis catus	Felis_catus.CAT.68.pep.all.fa	FELCA	9685	ENS
Vicugna pacos	Vicugna_pacos.vicPac1.68.pep.all.fa	VIPAC	30538	ENS
Petromyzon marinus	Petromyzon_marinus.Pmarinus_7.0.68.pep.all.fa	PETMA	7757	ENS
Ochotona princeps	Ochotona_princeps.pika.68.pep.all.fa	OCHPR	OCHPR	ENS
Ictidomys tridecemlineatus	Ictidomys_tridecemlineatus.spetri2.68.pep.all.fa	LATCH	7897	ENS
Takifugu rubripes	Takifugu_rubripes.FUGU4.68.pep.all.fa	FUGU	31033	ENS
Otolemur garnettii	Otolemur_garnettii.OtoGar3.68.pep.all.fa	OTOGA	30611	ENS
Latimeria chalumnae	Latimeria_chalumnae.LatCha1.68.pep.all.fa	LATCH	7897	ENS
Gasterosteus aculeatus	Gasterosteus_aculeatus.BROADS1.68.pep.all.fa	GASAC	69293	ENS
Bos taurus	Bos_taurus.UMD3.1.68.pep.all.fa	BOVIN	9913	ENS
Saccharomyces cerevisiae	Saccharomyces_cerevisiae.EF4.68.pep.all.fa	YEAST	4932	ENS
Callithrix jacchus	Callithrix_jacchus.C_jacchus3.2.1.68.pep.all.fa	CALJA	9483	ENS
Myotis lucifugus	Myotis_lucifugus.Myoluc2.0.68.pep.all.fa	MYOLU	59463	ENS
Tarsius syrichta	Tarsius_syrichta.tarSyr1.68.pep.all.fa	TARSY	9478	ENS
Ciona savignyi	Ciona_savignyi.CSAV2.0.68.pep.all.fa	CIOSA	51511	ENS
Macaca mulatta	Macaca_mulatta.MMUL_1.68.pep.all.fa	MACMU	9544	ENS
Xenopus tropicalis	Xenopus_tropicalis.JGI_4.2.68.pep.all.fa	XENTR	8364	ENS
Pan troglodytes	Pan_troglodytes.CHIMP2.1.4.68.pep.all.fa	PANTR	51511	ENS
Anolis carolinensis	Anolis_carolinensis.AnoCar2.0.68.pep.all.fa	ANOCA	28377	ENS
Danio rerio	Danio_rerio.Zv9.68.pep.all.fa	BRARE	7955	ENS
Pteropus vampyrus	Pteropus_vampyrus.pteVam1.68.pep.all.fa	PTEVA	132908	ENS
Canis familiaris	Canis_familiaris.BROADD2.68.pep.all.fa	CANFA	9615	ENS
Microcebus murinus	Microcebus_murinus.micMur1.68.pep.all.fa	MICMU	30608	ENS
Pelodiscus sinensis	Pelodiscus_sinensis.PelSin_1.0.68.68.pep.all.fa	PANTR	13735	ENS
Equus caballus	Equus_caballus.EquCab2.68.pep.all.fa	HORSE	9796	ENS
Taeniopygia guttata	Taeniopygia_guttata.taeGut3.2.4.68.pep.all.fa	TAGUT	59729	ENS
Cavia porcellus	Cavia_porcellus.cavPor3.68.pep.all.fa	CAVPO	10141	ENS
Choloepus hoffmanni	Choloepus_hoffmanni.choHof1.68.pep.all.fa	CHOHO	9358	ENS
Dipodomys ordii	Dipodomys_ordii.dipOrd1.68.pep.all.fa	DIPOR	10020	ENS
Sarcophilus harrisii	Sarcophilus_harrisii.DEVIL7.0.68.pep.all.fa	SARHA	9305	ENS
Homo sapiens	Homo_sapiens.GRCh37.68.pep.all.fa	HUMAN	9606	ENS
Macropus eugenii	Macropus_eugenii.Meug_1.0.68.pep.all.fa	MACEU	9315	ENS
Pongo abelii	Pongo_abelii.PPYG2.68.pep.all.fa	PONAM	62124	ENS
Nomascus leucogenys	Nomascus_leucogenys.Nleu1.0.68.pep.all.fa	NOLEU	61853	ENS
Ailuropoda melanoleuca	Ailuropoda_melanoleuca.ailMel1.68.pep.all.fa	AILME	9646	ENS
Echinops telfairi	Echinops_telfairi.TENREC.68.pep.all.fa	ECHTE	9371	ENS
Gadus morhua	Gadus_morhua.gadMor1.68.pep.all.fa	GADMO	8049	ENS
Sus scrofa	Sus_scrofa.Sscrofa9.68.pep.all.fa	PIG	9823	ENS
Oryctolagus cuniculus	Oryctolagus_cuniculus.oryCun2.68.pep.all.fa	RABIT	9986	ENS
Loxodonta africana	Loxodonta_africana.loxAfr3.68.pep.all.fa	LOXAF	9785	ENS
Tupaia belangeri	Tupaia_belangeri.TREESHREW.68.pep.all.fa	TUPGB	37347	ENS
Gallus gallus	Gallus_gallus.WASHUC2.68.pep.all.fa	CHICK	9031	ENS
Mus musculus	Mus_musculus.GRCm38.68.pep.all.fa	MOUSE	10090	ENS
Ornithorhynchus anatinus	Ornithorhynchus_anatinus.OANA5.68.pep.all.fa	ORNAN	9258	ENS
Tetraodon nigroviridis	Tetraodon_nigroviridis.TETRAODON8.68.pep.all.fa	TETNG	99883	ENS
Rattus norvegicus	Rattus_norvegicus.RGSC3.4.68.pep.all.fa	RAT	10116	ENS
Oreochromis niloticus	Oreochromis_niloticus.Orenil1.0.68.pep.all.fa	OCHPR	8128	ENS
Gorilla gorilla	Gorilla_gorilla.gorGor3.1.68.pep.all.fa	GORGO	9595	ENS
Oryzias latipes	Oryzias_latipes.MEDAKA1.68.pep.all.fa	ORYLA	8090	ENS
Meleagris gallopavo	Meleagris_gallopavo.UMD2.68.pep.all.fa	MELGA	9103	ENS
Procavia capensis	Procavia_capensis.proCap1.68.pep.all.fa	PROCA	9813	ENS
Monodelphis domestica	Monodelphis_domestica.BROADO5.68.pep.all.fa	MONDO	13616	ENS
Erinaceus europaeus	Erinaceus_europaeus.HEDGEHOG.68.pep.all.fa	ERIEU	9365	ENS
Tursiops truncatus	Tursiops_truncatus.turTru1.68.pep.all.fa	TURTR	9739	ENS
Sorex araneus	Sorex_araneus.COMMON_SHREW1.68.pep.all.fa	SORAR	42254	ENS
Ciona intestinalis	Ciona_intestinalis.KH.68.pep.all.fa	CIOIN	7719	ENS
Dasypus novemcinctus	Dasypus_novemcinctus.dasNov2.68.pep.all.fa	DASNO	9361	ENS
Felis catus	Felis_catus.CAT.68.pep.all.fa	FELCA	9685	ENS
Vicugna pacos	Vicugna_pacos.vicPac1.68.pep.all.fa	VIPAC	30538	ENS
Petromyzon marinus	Petromyzon_marinus.Pmarinus_7.0.68.pep.all.fa	PETMA	7757	ENS
Ochotona princeps	Ochotona_princeps.pika.68.pep.all.fa	OCHPR	OCHPR	ENS
Ictidomys tridecemlineatus	Ictidomys_tridecemlineatus.spetri2.68.pep.all.fa	LATCH	7897	ENS
Takifugu rubripes	Takifugu_rubripes.FUGU4.68.pep.all.fa	FUGU	31033	ENS
Otolemur garnettii	Otolemur_garnettii.OtoGar3.68.pep.all.fa	OTOGA	30611	ENS
Latimeria chalumnae	Latimeria_chalumnae.LatCha1.68.pep.all.fa	LATCH	7897	ENS
Gasterosteus aculeatus	Gasterosteus_aculeatus.BROADS1.68.pep.all.fa	GASAC	69293	ENS
Bos taurus	Bos_taurus.UMD3.1.68.pep.all.fa	BOVIN	9913	ENS
Saccharomyces cerevisiae	Saccharomyces_cerevisiae.EF4.68.pep.all.fa	YEAST	4932	ENS
Callithrix jacchus	Callithrix_jacchus.C_jacchus3.2.1.68.pep.all.fa	CALJA	9483	ENS
Myotis lucifugus	Myotis_lucifugus.Myoluc2.0.68.pep.all.fa	MYOLU	59463	ENS
Tarsius syrichta	Tarsius_syrichta.tarSyr1.68.pep.all.fa	TARSY	9478	ENS
Ciona savignyi	Ciona_savignyi.CSAV2.0.68.pep.all.fa	CIOSA	51511	ENS
Macaca mulatta	Macaca_mulatta.MMUL_1.68.pep.all.fa	MACMU	9544	ENS
Xenopus tropicalis	Xenopus_tropicalis.JGI_4.2.68.pep.all.fa	XENTR	8364	ENS
Pan troglodytes	Pan_troglodytes.CHIMP2.1.4.68.pep.all.fa	PANTR	51511	ENS
Anolis carolinensis	Anolis_carolinensis.AnoCar2.0.68.pep.all.fa	ANOCA	28377	ENS
Danio rerio	Danio_rerio.Zv9.68.pep.all.fa	BRARE	7955	ENS
Pteropus vampyrus	Pteropus_vampyrus.pteVam1.68.pep.all.fa	PTEVA	132908	ENS
Canis familiaris	Canis_familiaris.CanFam3.1.68.pep.all.fa	CANFA	9615	ENS
Microcebus murinus	Microcebus_murinus.micMur1.68.pep.all.fa	MICMU	30608	ENS
Pelodiscus sinensis	Pelodiscus_sinensis.PelSin_1.0.68.pep.all.fa	PANTR	13735	ENS
Equus caballus	Equus_caballus.EquCab2.68.pep.all.fa	HORSE	9796	ENS
Taeniopygia guttata	Taeniopygia_guttata.taeGut3.2.4.68.pep.all.fa	TAGUT	59729	ENS
Cavia porcellus	Cavia_porcellus.cavPor3.68.pep.all.fa	CAVPO	10141	ENS
Choloepus hoffmanni	Choloepus_hoffmanni.choHof1.68.pep.all.fa	CHOHO	9358	ENS
Dipodomys ordii	Dipodomys_ordii.dipOrd1.68.pep.all.fa	DIPOR	10020	ENS
Sarcophilus harrisii	Sarcophilus_harrisii.DEVIL7.0.68.pep.all.fa	SARHA	9305	ENS
Homo sapiens	Homo_sapiens.GRCh37.68.pep.all.fa	HUMAN	9606	ENS
Macropus eugenii	Macropus_eugenii.Meug_1.0.68.pep.all.fa	MACEU	9315	ENS
Pongo abelii	Pongo_abelii.PPYG2.68.pep.all.fa	PONAM	62124	ENS
Nomascus leucogenys	Nomascus_leucogenys.Nleu1.0.68.pep.all.fa	NOLEU	61853	ENS
Ailuropoda melanoleuca	Ailuropoda_melanoleuca.ailMel1.68.pep.all.fa	AILME	9646	ENS
Echinops telfairi	Echinops_telfairi.TENREC.68.pep.all.fa	ECHTE	9371	ENS
Gadus morhua	Gadus_morhua.gadMor1.68.pep.all.fa	GADMO	8049	ENS
Sus scrofa	Sus_scrofa.Sscrofa10.2.68.pep.all.fa	PIG	9823	ENS
Oryctolagus cuniculus	Oryctolagus_cuniculus.oryCun2.68.pep.all.fa	RABIT	9986	ENS
Loxodonta africana	Loxodonta_africana.loxAfr3.68.pep.all.fa	LOXAF	9785	ENS
Tupaia belangeri	Tupaia_belangeri.TREESHREW.69.pep.all.fa	TUPGB	37347	ENS
Gallus gallus	Gallus_gallus.WASHUC2.69.pep.all.fa	CHICK	9031	ENS
Mus musculus	Mus_musculus.GRCm38.69.pep.all.fa	MOUSE	10090	ENS
Ornithorhynchus anatinus	Ornithorhynchus_anatinus.OANA5.69.pep.all.fa	ORNAN	9258	ENS
Tetraodon nigroviridis	Tetraodon_nigroviridis.TETRAODON8.69.pep.all.fa	TETNG	99883	ENS
Rattus norvegicus	Rattus_norvegicus.RGSC3.4.69.pep.all.fa	RAT	10116	ENS
Oreochromis niloticus	Oreochromis_niloticus.Orenil1.0.69.pep.all.fa	OCHPR	8128	ENS
Gorilla gorilla	Gorilla_gorilla.gorGor3.1.69.pep.all.fa	GORGO	9595	ENS
Oryzias latipes	Oryzias_latipes.MEDAKA1.69.pep.all.fa	ORYLA	8090	ENS
Meleagris gallopavo	Meleagris_gallopavo.UMD2.69.pep.all.fa	MELGA	9103	ENS
Procavia capensis	Procavia_capensis.proCap1.69.pep.all.fa	PROCA	9813	ENS
Monodelphis domestica	Monodelphis_domestica.BROADO5.69.pep.all.fa	MONDO	13616	ENS
Erinaceus europaeus	Erinaceus_europaeus.HEDGEHOG.69.pep.all.fa	ERIEU	9365	ENS
Tursiops truncatus	Tursiops_truncatus.turTru1.69.pep.all.fa	TURTR	9739	ENS
Sorex araneus	Sorex_araneus.COMMON_SHREW1.69.pep.all.fa	SORAR	42254	ENS
Ciona intestinalis	Ciona_intestinalis.KH.69.pep.all.fa	CIOIN	7719	ENS
Dasypus novemcinctus	Dasypus_novemcinctus.dasNov2.69.pep.all.fa	DASNO	9361	ENS
Felis catus	Felis_catus.CAT.69.pep.all.fa	FELCA	9685	ENS
Vicugna pacos	Vicugna_pacos.vicPac1.69.pep.all.fa	VIPAC	30538	ENS
Petromyzon marinus	Petromyzon_marinus.Pmarinus_7.0.69.pep.all.fa	PETMA	7757	ENS
Ochotona princeps	Ochotona_princeps.pika.69.pep.all.fa	OCHPR	OCHPR	ENS
Ictidomys tridecemlineatus	Ictidomys_tridecemlineatus.spetri2.69.pep.all.fa	LATCH	7897	ENS
Takifugu rubripes	Takifugu_rubripes.FUGU4.69.pep.all.fa	FUGU	31033	ENS
Otolemur garnettii	Otolemur_garnettii.OtoGar3.69.pep.all.fa	OTOGA	30611	ENS
Latimeria chalumnae	Latimeria_chalumnae.LatCha1.69.pep.all.fa	LATCH	7897	ENS
Gasterosteus aculeatus	Gasterosteus_aculeatus.BROADS1.69.pep.all.fa	GASAC	69293	ENS
Bos taurus	Bos_taurus.UMD3.1.69.pep.all.fa	BOVIN	9913	ENS
Saccharomyces cerevisiae	Saccharomyces_cerevisiae.EF4.69.pep.all.fa	YEAST	4932	ENS
Callithrix jacchus	Callithrix_jacchus.C_jacchus3.2.1.69.pep.all.fa	CALJA	9483	ENS
Myotis lucifugus	Myotis_lucifugus.Myoluc2.0.69.pep.all.fa	MYOLU	59463	ENS
Tarsius syrichta	Tarsius_syrichta.tarSyr1.69.pep.all.fa	TARSY	9478	ENS
Ciona savignyi	Ciona_savignyi.CSAV2.0.69.pep.all.fa	CIOSA	51511	ENS
Macaca mulatta	Macaca_mulatta.MMUL_1.69.pep.all.fa	MACMU	9544	ENS
Xenopus tropicalis	Xenopus_tropicalis.JGI_4.2.69.pep.all.fa	XENTR	8364	ENS
Pan troglodytes	Pan_troglodytes.CHIMP2.1.4.69.pep.all.fa	PANTR	51511	ENS
Anolis carolinensis	Anolis_carolinensis.AnoCar2.0.69.pep.all.fa	ANOCA	28377	ENS
Danio rerio	Danio_rerio.Zv9.69.pep.all.fa	BRARE	7955	ENS
Pteropus vampyrus	Pteropus_vampyrus.pteVam1.69.pep.all.fa	PTEVA	132908	ENS
Canis familiaris	Canis_familiaris.CanFam3.1.69.pep.all.fa	CANFA	9615	ENS
Microcebus murinus	Microcebus_murinus.micMur1.69.pep.all.fa	MICMU	30608	ENS
Pelodiscus sinensis	Pelodiscus_sinensis.PelSin_1.0.69.pep.all.fa	PANTR	13735	ENS
Equus caballus	Equus_caballus.EquCab2.69.pep.all.fa	HORSE	9796	ENS
Taeniopygia guttata	Taeniopygia_guttata.taeGut3.2.4.69.pep.all.fa	TAGUT	59729	ENS
Cavia porcellus	Cavia_porcellus.cavPor3.69.pep.all.fa	CAVPO	10141	ENS
Choloepus hoffmanni	Choloepus_hoffmanni.choHof1.69.pep.all.fa	CHOHO	9358	ENS
Dipodomys ordii	Dipodomys_ordii.dipOrd1.69.pep.all.fa	DIPOR	10020	ENS
Sarcophilus harrisii	Sarcophilus_harrisii.DEVIL7.0.69.pep.all.fa	SARHA	9305	ENS
Homo sapiens	Homo_sapiens.GRCh37.69.pep.all.fa	HUMAN	9606	ENS
Macropus eugenii	Macropus_eugenii.Meug_1.0.69.pep.all.fa	MACEU	9315	ENS
Pongo abelii	Pongo_abelii.PPYG2.69.pep.all.fa	PONAM	62124	ENS
Nomascus leucogenys	Nomascus_leucogenys.Nleu1.0.69.pep.all.fa	NOLEU	61853	ENS
Ailuropoda melanoleuca	Ailuropoda_melanoleuca.ailMel1.69.pep.all.fa	AILME	9646	ENS
Echinops telfairi	Echinops_telfairi.TENREC.69.pep.all.fa	ECHTE	9371	ENS
Gadus morhua	Gadus_morhua.gadMor1.69.pep.all.fa	GADMO	8049	ENS
Sus scrofa	Sus_scrofa.Sscrofa10.2.69.pep.all.fa	PIG	9823	ENS
Oryctolagus cuniculus	Oryctolagus_cuniculus.oryCun2.69.pep.all.fa	RABIT	9986	ENS
Loxodonta africana	Loxodonta_africana.loxAfr3.69.pep.all.fa	LOXAF	9785	ENS
